{
  "common_js_version": "v2",
  "current": "custom",
  "presets": {
    "custom": {
      "color_background_primary": "#FFFFFF",
      "color_text_primary": "#3D3D3D",
      "color_link_primary": "#40363A",
      "color_link_primary_hover": "#F39664",
      "color_border_primary": "#CCCCCC",
      "color_background_secondary": "#B8FFD4",
      "color_text_secondary": "#FFFFFF",
      "color_link_secondary": "#FFFCFC",
      "color_link_secondary_hover": "#F9AF88",
      "color_border_secondary": "#A89B9B",
      "body_background_color": "#FFFFFF",
      "body_background_type": "default",
      "font_family_primary": "google:Roboto",
      "font_size_primary": "16px",
      "logotype_type": "text",
      "logotype_font_family": "google:Marmelad",
      "logotype_font_size": "40px",
      "phone": "from_settings",
      "email": "from_settings",
      "promo_slider_auto_time": "",
      "category_description_position": "before_products",
      "product_not_available": "shown",
      "_settings_version": 1520033078.5313346
    }
  }
}
