{
  "collections": {
    "frontpage": "{{ messages.collection_frontpage }}",
    "popular": "{{ messages.collection_popular }}"
  },

  "menus": {
    "main-menu": "{{ messages.main_menu }}",
    "footer-menu": "{{ messages.footer_menu }}"
  },

  "menu_items": {
    "main-menu": {
      "{{ messages.page_delivery }}": "/page/delivery",
      "{{ messages.page_payment }}": "/page/payment",
      "{{ messages.page_contacts }}": "/page/feedback"
    },
    "footer-menu": {
      "{{ messages.page_delivery }}": "/page/delivery",
      "{{ messages.page_payment }}": "/page/payment",
      "{{ messages.page_contacts }}": "/page/feedback"
    }
  },

  "properties": {
    "label": {
      "title": "{{ messages.option_label }}",
      "characteristics": {
        "new": "{{ messages.option_label_new }}",
        "sale": "{{ messages.option_label_sale }}"
      }
    }
  },

  "pages": {
    "delivery": "{{ messages.page_delivery }}",
    "payment": "{{ messages.page_payment }}"
  },

  "block_lists": {
    "benefits": {
      "title": "{{ messages.block_list_benefits }}",
      "block_template": "system-benefit",
      "blocks": ["benefit1", "benefit2", "benefit3"]
    },
    "slider": {
      "title": "{{ messages.block_list_slider }}",
      "block_template": "system-promo-slide",
      "blocks": ["slide1", "slide2", "slide3"]
    },
    "social": {
      "title": "{{ messages.block_list_social }}",
      "block_template": "system-social",
      "blocks": ["vkontakte", "facebook", "instagram", "youtube", "twitter", "google"]
    },
    "special-categories": {
      "title": "{{ messages.snippet_title_categories }}",
      "block_template": "system-collection"
    },
    "special-products": {
      "title": "{{ messages.snippet_title_collections }}",
      "blocks": ["products1", "products2"],
      "block_template": "system-collection"
    },
    "contacts": {
      "title": "{{ messages.block_list_contacts }}",
      "blocks": ["phone","email"]
    },
    "feedback-form": {
      "title": "{{ messages.block_list_feedback }}",
      "block_template": "system-widget-feedback",
      "blocks": ["feedback-form-1"]
    },
    "image-text": {
      "block_template": "system-image-and-content",
      "title": "{{ messages.snippet_image_text }}",
      "blocks": ["image-text-1"]
    },
    "reviews": {
      "block_template": "system-review",
      "title": "{{ messages.snippet_reviews }}",
      "blocks": ["review-1", "review-2", "review-3"]
    }
  },

  "blocks": {
    "slide1": {
      "title": "{{ messages.block_slide1 }}",
      "description": "{{ messages.block_slide1 }}",
      "block_template": "system-promo-slide",
      "image": "slide1.jpg",
      "link": ""
    },
    "slide2": {
      "title": "{{ messages.block_slide2 }}",
      "description": "{{ messages.block_slide2 }}",
      "block_template": "system-promo-slide",
      "image": "slide2.jpg",
      "link": ""
    },
    "slide3": {
      "title": "{{ messages.block_slide3 }}",
      "description": "{{ messages.block_slide3 }}",
      "block_template": "system-promo-slide",
      "image": "slide3.jpg",
      "link": ""
    },
    "benefit1": {
      "title": "{{ messages.block_benefit1 }}",
      "description": "{{ messages.block_benefit1 }}",
      "block_template": "system-benefit",
      "image": "benefit1.png"
    },
    "benefit2": {
      "title": "{{ messages.block_benefit2 }}",
      "description": "{{ messages.block_benefit2 }}",
      "block_template": "system-benefit",
      "image": "benefit2.png"
    },
    "benefit3": {
      "title": "{{ messages.block_benefit3 }}",
      "description": "{{ messages.block_benefit3 }}",
      "block_template": "system-benefit",
      "image": "benefit3.png"
    },
    "phone": {
      "title": "{{ messages.block_phone }}",
      "content": "+7(999)123-45-67"
    },
    "email": {
      "title": "{{ messages.block_email }}",
      "content": "sales@company.ru"
    },

    "products1": {
      "title": "{{ messages.snippet_title_collections }}",
      "collection": "frontpage",
      "block_template": "system-collection"
    },

    "products2": {
      "title": "{{ messages.snippet_title_collections }}",
      "collection": "popular",
      "block_template": "system-collection"
    },

    "vkontakte": {
      "title": "Vkontakte",
      "link": "http://vk.com/",
      "block_template": "system-social"
    },
    "facebook": {
      "title": "Facebook",
      "link": "http://facebook.com/",
      "block_template": "system-social"
    },
    "instagram": {
      "title": "Instagram",
      "link": "http://instagram.com/",
      "block_template": "system-social"
    },
    "youtube": {
      "title": "YouTube",
      "link": "http://youtube.com/",
      "block_template": "system-social"
    },
    "twitter": {
      "title": "Twitter",
      "link": "http://twitter.com/",
      "block_template": "system-social"
    },
    "google": {
      "title": "Google+",
      "link": "https://plus.google.com/",
      "block_template": "system-social"
    },
    "review-1": {
      "block_template": "system-review",
      "title": "{{ messages.snippet_reviews }}",
      "name": "{{ messages.review-1-name }}",
      "content": "{{ messages.review-1-content }}",
      "image": "avatar.jpeg"
    },
    "review-2": {
      "block_template": "system-review",
      "title": "{{ messages.snippet_reviews }}",
      "name": "{{ messages.review-2-name }}",
      "content": "{{ messages.review-2-content }}",
      "image": "avatar.jpeg"
    },
    "review-3": {
      "block_template": "system-review",
      "title": "{{ messages.snippet_reviews }}",
      "name": "{{ messages.review-3-name }}",
      "content": "{{ messages.review-3-content }}",
      "image": "maint.jpg"
    },
    "feedback-form-1": {
      "title": "{{ messages.block_feedback_title }}",
      "submit-text": "{{ messages.button_submit }}",
      "block_template": "system-widget-feedback"
    },
    "image-text-1": {
      "block_template": "system-image-and-content",
      "title": "{{ messages.snippet_image_text }}",
      "content": "{{ messages.image-text-content }}",
      "image": "clothes.jpg"
    }
  },

  "theme_widgets": {

    "widget_lists": [
      {
        "name": "Index",
        "handle": "index-list",
        "widgets": [
          {
            "widget_type": "promo-slider-type",
            "data_handle": "slider"
          },
          {
            "widget_type": "benefits-type",
            "data_handle": "benefits"
          },
          {
            "widget_type": "special-products-type",
            "data_handle": "special-products"
          },
          {
            "widget_type": "special-categories-type",
            "data_handle": "special-categories"
          },
          {
            "widget_type": "widget-feedback-type",
            "data_handle": "feedback-form"
          },
          {
            "widget_type": "image-text-type",
            "data_handle": "image-text"
          },
          {
            "widget_type": "reviews-type",
            "data_handle": "reviews"
          }
        ]
      }
    ],

    "widget_types": [
      {
        "name": "{{ messages.block_list_slider }}",
        "handle": "promo-slider-type",
        "type": "block_list_widget_type",
        "snippet": "promo-slider.liquid",
        "block_template": "system-promo-slide"
      },
      {
        "name": "{{ messages.block_list_benefits }}",
        "handle": "benefits-type",
        "type": "block_list_widget_type",
        "snippet": "benefits.liquid",
        "block_template": "system-benefit"
      },
      {
        "name": "{{ messages.s_subheading_special_categories }}",
        "handle": "special-categories-type",
        "type": "block_list_widget_type",
        "snippet": "title-categories.liquid",
        "block_template": "system-collection"
      },
      {
        "name": "{{ messages.s_subheading_special_products }}",
        "handle": "special-products-type",
        "type": "block_list_widget_type",
        "snippet": "title-collections.liquid",
        "block_template": "system-collection"
      },
      {
        "block_template": "system-widget-feedback",
        "name": "{{ messages.block_list_feedback }}",
        "handle": "widget-feedback-type",
        "type": "block_list_widget_type",
        "snippet": "widget_feedback.liquid"
      },
      {
        "block_template": "system-review",
        "name": "{{ messages.snippet_reviews }}",
        "handle": "reviews-type",
        "type": "block_list_widget_type",
        "snippet": "widget_reviews.liquid"
      },
      {
        "block_template": "system-image-and-content",
        "name": "{{ messages.snippet_image_text }}",
        "handle": "image-text-type",
        "type": "block_list_widget_type",
        "snippet": "widget_image_text.liquid"
      }
    ]

  }

}
