{
  "common_js_version": "v2",
  "current": "custom",
  "presets": {
    "custom": {
      "color_background_primary": "#FFFFFF",
      "color_text_primary": "#3D3D3D",
      "color_link_primary": "#40363A",
      "color_link_primary_hover": "#F39664",
      "color_border_primary": "#CCCCCC",
      "color_background_secondary": "#424242",
      "color_text_secondary": "#FFFFFF",
      "color_link_secondary": "#FFFFFF",
      "color_link_secondary_hover": "#F9AF88",
      "color_border_secondary": "#A89B9B",
      "body_background_color": "#FFFFFF",
      "body_background_use": "0",
      "font_family_primary": "google:Cuprum",
      "font_size_primary": "16px",
      "logotype_type": "text",
      "logotype_font_family": "google:Lobster",
      "logotype_font_size": "40px",
      "phone": "from_settings",
      "email": "from_settings",
      "product_not_available": "shown",
      "cards_background_hide": "1",
      "category_description_position": "before_products"
    }
  }
}