{
  "ru": {
    "comment_add":"Добавить комментарий",
    "comment_is_added_moderated": "Перед публикацией комментарии проходят модерацию",
    "comment_is_added":"Комментарий добавлен",
    "comments_are_moderated":"Комментарий будет проверен администратором перед публикацией",
    "cart_is_empty": "Ваша корзина пуста",
    "cart_title": "Корзина",
    "bundle_product_price": "Стоимость",
    "bundle_product_discount": "Экономия",
    "bundle_product_finall": "Стоимость комплекта",
    "cart_description": "Корзина",
    "compare_description": "Сравнение",
    "search_description": "Поиск",
    "created_by": "Сделано в InSales",
    "button_submit":"Отправить",
    "no_js_message":"Включите в вашем браузере JavaScript!",
    "button_more": "Подробнее",
    "button_checkout": "Оформить заказ",
    "button_to_cart": "В корзину",
    "button_review": "Оставить отзыв",
    "block_list_feedback": "Форма заявки",
    "block_feedback_title": "Форма заявки",
    "block_phone": "Телефон",
    "block_email": "E-mail",
    "bundle": "Комплект",
    "bundle_includes": "Состав комплекта",
    "bundle_is_free": "В подарок",
    "button_apply": "Применить",
    "button_add_comparison": "Добавить в сравнение",
    "button_remove_comparison": "Убрать из сравнения",
    "button_remove": "Удалить",
    "button_preorder": "Предзаказ",
    "button_reset_filters":"Сбросить фильтры",
    "search_title":"Поиск",
    "search_is_fail": "Ничего не найдено",
    "search_is_empty": "Введите ключевые слова для поиска",
    "comparison_title": "Сравнение",
    "show_the_same": "Показать одинаковые",
    "show":"Показать",
    "hide_the_same": "Скрыть одинаковые",
    "article_related_products": "Товары к статье",
    "comments": "комментарии",
    "collection_filters_is_empty": "По выбранным параметрам ничего не найдено. Попробуйте выбрать другие значения.",
    "comparison_is_empty": "Список сравнения пуст",
    "collection_is_empty": "В данном разделе пока нет товаров. Мы работаем над этим.",
    "comment_success": "Комментарий добавлен!",
    "fields": " Дополнительные поля",
    "discount_placeholder": "Есть промо-код?",
    "label_to": "До",
    "label_from": "От",
    "label_sort": "Сортировка",
    "label_limit": "Показывать по",
    "label_price": "Цена",
    "label_economy": "Экономия",
    "label_description": "Описание",
    "label_reviews": "Отзывы",
    "label_product": "Товар",
    "label_variant": "Вариант",
    "label_photo": "Фото",
    "label_main_menu": "Верхнее меню",
    "label_catalog": "Каталог товаров",
    "label_characteristics": "Характеристики",
    "label_article": "Артикул",
    "sort_by_price": "по возрастанию цены",
    "sort_by_price_desc": "по убыванию цены",
    "sort_by_createdon": "сначала новые",
    "sort_by_createdon_desc": "сначала старые",
    "sort_by_title": "по названию",
    "sort_by_title_desc": "по убыванию алфавита",
    "s_alertify-ok": "Отправить",
    "s_alertify-cancel": "Отмена",
    "s_alertify-addcart": "Товар добавлен в корзину",
    "s_alertify-removecart": "Товар удален из корзины",
    "s_heading_colors_and_fonts": "Цвета и шрифт",

    "s_subheading_primary_colors": "Основные цвета",
    "s_color_background_primary": "Цвет фона",
    "s_color_text_primary": "Цвет текста",
    "s_color_active_elements_primary": "Цвет активных элементов",
    "s_color_active_elements_primary_hover": "Активные элементы при наведении",
    "s_color_border_primary": "Цвет границ",

    "s_subheading_adjective_colors": "Дополнительные цвета",
    "s_color_background_secondary": "Цвет фона",
    "s_color_text_secondary": "Цвет текста",
    "s_color_active_elements_secondary": "Цвет активных элементов",
    "s_color_active_elements_secondary_hover": "Активные элементы при наведении",
    "s_color_border_secondary": "Цвет границ",

    "s_subheading_background_substrate": "Фоновая подложка",
    "s_body_background_color": "Цвет фона",
    "s_body_background_use": "Использовать изображение",
    "s_body_background_type": "Положение фона",
    "s_body_background_image": "Изображение",

    "s_subheading_fonts": "Шрифты",
    "s_font_family_primary": "Шрифт",
    "s_font_size_primary": "Размер шрифта",

    "s_heading_logotype": "Логотип и иконка",

    "s_subheading_logotype": "Логотип",
    "s_logotype_type" : "Использовать",
    "s_logotype_image" : "Загрузить логотип",
    "s_logotype_font_family" : "Шрифт логотипа",
    "s_logotype_font_size" : "Размер шрифта логотипа",

    "s_subheading_favicon": "Иконка (favicon)",
    "s_favicon": "Изображение (.png)",

    "s_heading_contacts": "Контакты и сети",
    "s_subheading_contacts": "Контакты",
    "s_phone" : "Телефон",
    "s_email" : "E-mail",

    "s_subheading_socials": "Соц.сети",
    "s_social_media_hide": "Скрыть соц.ссылки",

    "s_heading_frontpage": "Главная страница",


    "s_subheading_slider": "Слайдер",
    "s_promo_slider_auto": "Автоматически листать",
    "s_promo_slider_auto_time": "Задержка между листанием (сек.)",

    "s_subheading_special_products": "Подборки товаров",
    "default": "По умолчанию",
    "tile": "Замостить",
    "all_blogs": "Больше статей",
    "stretch": "Растянуть",
    "s_subheading_special_categories": "Спец.категории",

    "s_heading_collection": "Страница каталога товаров",

    "s_cards_background_hide": "Отключить фон карточек",
    "s_cards_crop_off": "Отключить обрезание фото",
    "s_cards_introtext_hide": "Скрыть описание карточки",
    "s_category_description_position": "Описание категории",

    "s_heading_product": "Страница товара",
    "link": "Ссылка",
    "title_page":" – страница №",
    "title_product": "– купить в интернет-магазине, цена, заказ online",
    "title_collection": "– купить в интернет-магазине по лучшей цене",

    "image": "Изображение",
    "site_name": "Название сайта",
    "s_subheading_buy_button": "Кнопка \"купить\"",
    "s_product_not_available": "Если нулевой остаток",
    "after_products": "Показывать после товаров",
    "before_products": "Показывать до товаров",
    "s_subheading_adjective_settings": "Доп.настройки",
    "s_product_share_hide": "Скрыть блок \"Поделиться\"",
    "s_product_compare_hide": "Скрыть сравнение товаров",
    "s_product_not_available_hide": "Скрыть уведомление об отсутствии",
    "hide":"Скрыть",
    "s_heading_blog": "Блог и статьи",
    "s_article_author_hide": "Скрыть автора статьи",
    "s_article_image_hide": "Скрыть фото статьи",
    "from_settings": "Из настроек магазина",
    "edited_block": "Редактируемый блок",

    "collection_frontpage": "Товары на главной",
    "collection_popular": "Популярные товары",
    "main_menu": "Главное меню",
    "footer_menu": "Меню в футере",
    "page_delivery": "Доставка",
    "page_payment": "Оплата",
    "page_contacts": "Контакты",
    "option_label": "Метка",
    "option_label_new": "Новинка",
    "option_label_sale": "Распродажа",
    "client_account": "Личный кабинет",
    "user_oferta": "Политика конфиденциальности и оферта",
    "term_of_use": "Пользовательское соглашение",
    "exchange_return":"Условия обмена и возврата",
    "page_about": "О компании",
    "page_blog": "Блог",



    "block_template_benefit": "Преимущество",
    "block_template_slide": "Слайд",
    "block_template_social": "Соц.сеть",

    "block_list_benefits": "Преимущества компании",
    "block_benefit1": "Быстрая доставка до двери",
    "block_benefit2": "Выгодные акции и бонусы",
    "block_benefit3": "Наши магазины в шаговой доступности",

    "block_list_slider": "Слайдер",
    "block_slide1": "Быстрая доставка до двери",
    "block_slide2": "Выгодные акции и бонусы",
    "block_slide3": "Гарантии качества продукции",

    "block_list_contacts": "Контакты",

    "block_list_social": "Соц.сети",

    "snippet_promo_slider": "Слайдер",
    "snippet_benefits": "Преимущества компании",
    "snippet_title_collections": "Подборки товаров",
    "snippet_title_categories": "Спец.категории",
    "snippet_news_feed": "Новостная лента",
    "snippet_title_content": "Контент страницы",
    "snippet_image_text": "Картинка с текстом",
    "snippet_reviews": "Отзывы",

    "review-1-name": "Денис",
    "review-2-name": "Иван",
    "review-3-name": "София",
    "review-1-content": "Хороший магазин. Продавец предложил несколько вариантов товара, обсудили все нюансы. Очень понравилась работа курьеров  – доставили заказ за 1 день!",
    "review-2-content": "Заказывали кофемашину на кухню. Магазин  оперативно перезвонил, курьер приехали в тот же день и доставил заказ.  В общем, мы остались довольны, спасибо!",
    "review-3-content": "Заказывала телефон с хорошей камерой. Долго искала нужную модель в других магазинах, но нашла только у вас. Заказ привезли в Нижний Новгород всего через 3 дня после оформления заказа. Большое спасибо за быструю доставку!",

    "image-text-content": "Пример текста виджета 'Текст и картинка'. В тексте вы можете разместить любую текстовую информацию, вставить изображения, картинки и видео. Поддерживается форматирование.Отредактировать этот виджет вы можете в режиме редактирования сайта. Для перехода в режим редактирования нажмите кнопку 'Редактор сайта' в верхней панели.",
    "title-message-feedback": "Сообщение из виджета 'Форма заявки'",
    "field_phone": "Телефон",
    "field_name": "Имя",
    "field_email": "Email",
    "field_comment": "Комментарий",
    "field_message": "Сообщение",
    "field_text": "Текст",
    "field_captcha": "Капча",
    "field_rating": "Оценка",
    "filter_heading": "Фильтры",
    "related_products": "Сопутствующие товары",
    "similar_products": "Похожие товары",
    "preorder": "Предзаказ",
    "product_added_to_comparison": "Товар добавлен в сравнение",
    "product_removed_from_comparison": "Товар удален из сравнения",
    "maximum_number_of_comparable": "Достигнуто максимальное количество сравниваемых товаров",
    "reviews_are_moderated": "Перед публикацией отзывы проходят модерацию",
    "review_is_added": "Отзыв успешно отправлен",

    "review_is_added_moderated": "Отзыв успешно отправлен.<br/> Он будет проверен администратором перед публикацией.",
    "max_send_form": "Превышено максимальное количество отправок формы",
    "tags_title": "Теги",



    "product_not_available": "Товар отсутствует",
    "page_404": "<h2>Здравствуйте!</h2><p>Добро пожаловать на «страницу 404» нашего сайта.</p><p>К сожалению, введенный Вами адрес недоступен. Этому может быть несколько объяснений:</p><ul><li>Страница удалена (из-за утраты актуальности информации)</li><li>Страница перенесена в другое место</li><li>Возможно, при вводе адреса была пропущена какая-то буква (на самом деле, у нас самих так часто получается)</li></ul>"
  },

  "en": {
    "comment_add": "Add a comment",
    "comment_is_added_moderated": "Before publishing comments are moderated",
    "comment_is_added": "Comments submitted successfully",
    "created_by": "Created by InSales",
    "article_related_products": "Products to article",
    "comments_are_moderated":"Comments submitted successfully. It will be checked before publishing.",
    "collection_frontpage": "Frontpage",
    "collection_popular": "Popular",
    "collection_filters_is_empty": "According to the selected parameters found nothing. Try to select other values.",
    "collection_is_empty": "This section is empty. We are working on it.",
    "comparison_is_empty": "Comparison list is empty",
    "no_js_message":"Include in your brouser JavaScript!",
    "comments": "comments",
    "cart_is_empty": "Cart is empty",
    "cart_title": "Cart",
    "button_submit": "Submit",
    "button_more": "More",
    "button_checkout": "Checkout",
    "button_to_cart": "Add to cart",
    "button_apply": "Apply",
    "button_review": "Leave a review",
    "button_reset_filters": "Reset filters",
    "block_list_feedback": "Feedback form",
    "block_feedback_title": "Feedback form",
    "block_phone": "Phone",
    "block_email": "Email",
    "button_add_comparison": "Add to comparison",
    "button_remove_comparison": "Remove from comparison",

    "block_list_benefits": "Benefits",
    "block_benefit1": "Fast delivery to the door",
    "block_benefit2": "Advantageous promotions and bonuses",
    "block_benefit3": "Our shops in one step avialable",

    "button_remove": "Remove",
    "button_preorder": "Preorder",
    "bundle": "Bundle",
    "bundle_includes": "Bundle includes",
    "bundle_is_free": "Gift",
    "comparison_title": "Compare",

    "cart_description": "Cart",
    "compare_description": "Compare",
    "search_description": "Search",
    "client_account": "Client account",
    "user_oferta": "Privacy policy and offer",
    "term_of_use": "Term of use",
    "exchange_return":"Term of exchange and return",
    "page_about": "About",
     "page_blog": "Blog",

    "comments": "comments",
    "discount_placeholder": "Have a promo code?",
    "fields": "Fields",
    "field_phone": "Phone",
    "field_name": "Name",
    "field_email": "Email",
    "field_comment": "Comment",
    "field_message": "Message",
    "field_text": "Text",
    "field_captcha": "Captcha",
    "field_rating": "Rating",
    "filter_heading": "Filters",
    "show_the_same": "Show the same",
    "hide_the_same": "Hide the same",
    "comment_success": "Comment success!",
    "label_to": "To",
    "label_from": "From",
    "label_reviews": "Reviews",
    "label_sort": "Sorting",
    "label_description": "Description",
    "label_characteristics": "Characteristics",
    "label_article": "Article",
    "label_limit": "Limit by",
    "label_price": "Price",
    "label_economy": "Economy",
    "label_main_menu": "Main menu",
    "label_product": "Product",
    "label_variant": "Variant",
    "label_photo": "Photo",
    "label_catalog": "Catalog",
    "reviews_are_moderated": "Before publishing review are moderated",
    "review_is_added": "Reviews submitted successfully",
    "review_is_added_moderated": "Comments submitted successfully.<br/> It will be checked before publishing the blog owner.",
    "max_send_form": "The maximum number of form dispatches was exceeded",
    "related_products": "Related products",
    "from_settings": "From store settings",
    "edited_block": "Editable block",
    "s_heading_colors_and_fonts": "Fonts and colors",
    "s_subheading_primary_colors": "Primary colors",
    "bundle_product_price": "Price",
    "bundle_product_discount": "Discount",
    "bundle_product_finall": "Price complect",
    "title-message-feedback": "Message from widget 'Application form'",
    "s_alertify-ok": "Send",
    "s_alertify-cancel": "Cancel",
    "s_alertify-addcart": "Item added to cart",
    "s_alertify-removecart": "Item removed from cart",
    "site_name": "Site name",
    "default": "Default",
    "tile": "Tile",
    "stretch": "Stretch",
    "s_color_background_primary": "Background color",
    "s_color_text_primary": "Text color",
    "s_color_active_elements_primary": "Acitve elements color",
    "s_color_active_elements_primary_hover": "Active elements color hover",
    "s_color_border_primary": "Border color",

    "s_subheading_adjective_colors": "Adjective colors",
    "s_color_background_secondary": "Background color",
    "s_color_text_secondary": "Text color",
    "s_color_active_elements_secondary": "Acitve elements color",
    "s_color_active_elements_secondary_hover": "Active elements color hover",
    "s_color_border_secondary": "Border color",

    "s_subheading_background_substrate": "Background substrate",
    "s_body_background_color": "Background color",
    "s_body_background_use": "Use background image",
    "s_body_background_type": "Position background",
    "s_body_background_image": "Image",

    "s_subheading_fonts": "Fonts",
    "s_font_family_primary": "Font",
    "s_font_size_primary": "Font size",

    "s_heading_logotype": "Logotype",
    "link": "Link",
    "image": "Image",
    "all_blogs": "More blogs",
    "s_subheading_logotype": "Logotype",
    "s_logotype_type" : "Use logotype image",
    "s_logotype_image" : "Download logotype",
    "s_logotype_font_family" : "Logotype font",
    "s_logotype_font_size" : "Logotype font size",

    "s_subheading_favicon": "Favicon",
    "s_favicon": "Image (.png)",

    "s_heading_contacts": "Contacts",
    "s_subheading_contacts": "Contacts",
    "s_phone" : "Phone",
    "s_email" : "E-mail",
    "show": "Show",
    "s_subheading_socials": "Social Links",
    "s_social_media_hide": "Hide social links",

    "s_heading_frontpage": "Frontpage",

    "s_subheading_slider": "Slider",
    "s_promo_slider_auto": "Autoplay",
    "s_promo_slider_auto_time": "Animation delay (sec.)",

    "s_subheading_special_products": "Selections of goods",

    "s_subheading_special_categories": "Special categories",

    "s_heading_collection": "Catalog page",

    "s_cards_background_hide": "Disable background cards",
    "s_cards_crop_off": "Disable circumcision photo",
    "s_cards_introtext_hide": "Hide description cards",
    "s_category_description_position": "Category description position",

    "s_heading_product": "Product page",

    "s_subheading_buy_button": "\"Buy\" button",
    "s_product_not_available": "If product not available",

    "s_subheading_adjective_settings": "Additional settings",
    "s_product_share_hide": "Hide unit \"Share\"",
    "s_product_compare_hide": "Hide compare products",
    "s_product_not_available_hide": "Hide notification of absence",

    "s_heading_blog": "Blog and articles",
    "s_article_author_hide": "Hide article's author",
    "s_article_image_hide": "Hide article's photo",
    "hide":"Hide",
    "after_products": "Show after the goods",
    "before_products": "Show before the goods",
    "similar_products": "Similar products",
    "sort_by_price": "ascending price",
    "search_title": "Search",
    "search_is_fail": "Nothing found",
    "search_is_empty": "Enter search keywords",
    "sort_by_price_desc": "descending price",
    "sort_by_createdon": "newest first",
    "sort_by_createdon_desc": "oldest first",
    "sort_by_title": "by pagetitle",
    "tags_title": "Tags",
    "main_menu": "Main menu",
    "footer_menu": "Footer menu",
    "page_delivery": "Delivery",
    "page_payment": "Payment",
    "page_contacts": "Contacts",

    "option_label": "Label",
    "option_label_new": "New",
    "option_label_sale": "Sale",

    "product_added_to_comparison": "Product added to comparison",
    "product_removed_from_comparison": "Product removed from comparison",
    "maximum_number_of_comparable": "Has reached the maximum number of comparable goods",

    "block_template_benefit": "Benefit",
    "block_template_slide": "Slide",
    "block_template_social": "Social group",
    "block_list_slider": "Slider",
    "block_slide1": "Fast delivery to the door",
    "block_slide2": "Advantageous promotions and bonuses",
    "block_slide3": "Product Quality Assurance",

    "block_list_social": "Social groups",

    "snippet_promo_slider": "Slider",
    "snippet_benefits": "Benefits",
    "snippet_title_collections": "Selections of goods",

    "title_page":" – page №",
    "title_product": "– buy in online shop, price, order online",
    "title_collection": "– buy in online shop at the best price",

    "snippet_title_categories": "Special categories",
    "snippet_news_feed": "News feed",
    "snippet_title_content": "Page description",
    "snippet_image_text": "Image with text",
    "snippet_reviews": "Reviews",

    "review-1-name": "Denis",
    "review-2-name": "John",
    "review-3-name": "Sophie",

    "review-1-content": "Good shop. The seller offered several options for the goods, discussed all the nuances. I liked the work of couriers very much - they delivered the order for 1 day!",
    "review-2-content": "We ordered a coffee machine in the kitchen. The store promptly called back, the courier arrived the same day and delivered the order. In general, we were satisfied, thank you!",
    "review-3-content": "I ordered a phone with a good camera. Long searched for the right model in other stores, but found only you. The order was brought to Nizhny Novgorod in just 3 days after ordering. Thank you very much for the prompt delivery!",

    "image-text-content": "Example text for the widget 'Text and picture'. In the text you can place any text information, insert images, pictures and video. Formatting supported.You can edit this widget in the site editing mode. To enter the editing mode, click the 'Site Editor' button in the top panel.",

    "block_list_contacts": "Contacts",
    "preorder": "Preorder",
    "product_not_available": "Product not available",
    "sort_by_title_desc": "descending alphabet",
    "page_404": "<h2>Hello!</h2><p>Welcome to 404 page.</p><p>Unfortunately, page doesn't exist. There could be several reasons for that:</p><ul><li>Page was deleted (due to outdated information)</li><li>Page was shifted to another place</li><li>Perhaps, you made a mistake while typing page address (actually it happens to us very often)</li></ul>"
  }
}
